id,title,selftext,created_utc,score,num_comments,link_flair_text,upvote_ratio,permalink,url,is_self,over_18,spoiler,stickied,locked,subreddit,full_text,created_date,year,month,day,day_of_week,day_name,week_of_year,hour,season,platform_period,cleaned_text,text_length,word_count,contains_crime_keywords,contains_weather_keywords,crime_keyword_count,weather_keyword_count,crime_and_weather,engagement_rate,controversy_score,is_2014,is_2015,is_2016,is_2017,is_2018,is_2019,reddit_growth_period,half_year,quarter,author_hash,sentiment_compound,sentiment_positive,sentiment_neutral,sentiment_negative,sentiment_category
9ne7j4,Rural shortcut to new bridge sparks safety concerns,,1539293854.0,14,18,None,0.84,/r/saskatoon/comments/9ne7j4/rural_shortcut_to_new_bridge_sparks_safety/,https://ccgazette.ca/2018/10/11/rural-shortcut-to-new-bridge-sparks-safety-concerns/#more-16055,False,False,False,False,False,Saskatoon,Rural shortcut to new bridge sparks safety concerns ,2018-10-11 21:37:34+00:00,2018,10,11,3,Thursday,41,21,fall,2014-2019_pre_pandemic_era,rural shortcut to new bridge sparks safety concerns,51,8,True,False,1,0,False,1.2,0.16000000000000003,False,False,False,False,True,False,mature_growth,2018_H2,2018_Q4,5d687c8d14968286,0.4215,0.286,0.714,0.0,positive
9nd19w,Fire Prevention Week – Heating Safety,"This Fire Prevention Week, the Saskatoon Fire Department has been emphasizing three basic principles of fire safety and prevention: Look. Listen. Learn. Be aware. Fire can happen anywhere. We’ve covered the importance of needing to LISTEN for the sound of your smoke alarm and LEARN the details of your home escape plan; today, we will examine heating safety and why it’s important to LOOK around your home for potential fire hazards.

Winter in Saskatchewan can often have us looking to heat our homes in a hurry! Heating equipment is a key contributor to home fires and burn injuries over the winter months. Consider the following safety tips when warming up this winter:

* Do not leave space heaters running when you leave the room or go to sleep,
* Never use space heaters to dry combustible items,
* Do not use your oven to heat your home,
* Keep children and pets at least one metre away from fireplaces and space heaters,
* Do not store combustible materials within one metre of your furnace or other heating equipment,
* Keep all heat sources free from dust, lint, and chemical product,
* Place a screen in front of your wood-burning or gas fireplace, and
* Have a reputable and qualified company install and maintain all heating equipment; inspect gas or oil burning furnaces annually.

The Saskatoon Fire Department wants you to stay warm this winter, but we want you to stay safe, too! When looking around your home for potential fire hazards, be sure to check your heating equipment thoroughly while considering the above noted tips for heating safety.

In an emergency, seconds count; being cautious when it comes to heating can be the difference in preventing a tragedy in your home.

To finish off Fire Prevention Week, we’ll look at the leading cause of home fires: Cooking; tune in tomorrow to learn of how you can keep your dreams of becoming a professional chef from going up in smoke!

Always remember: Look. Listen. Learn. Be aware. Fire can happen anywhere.

In an emergency, call 911 immediately.",1539285833.0,12,0,None,0.8,/r/saskatoon/comments/9nd19w/fire_prevention_week_heating_safety/,https://www.reddit.com/r/saskatoon/comments/9nd19w/fire_prevention_week_heating_safety/,True,False,False,False,False,Saskatoon,"Fire Prevention Week – Heating Safety This Fire Prevention Week, the Saskatoon Fire Department has been emphasizing three basic principles of fire safety and prevention: Look. Listen. Learn. Be aware. Fire can happen anywhere. We’ve covered the importance of needing to LISTEN for the sound of your smoke alarm and LEARN the details of your home escape plan; today, we will examine heating safety and why it’s important to LOOK around your home for potential fire hazards.

Winter in Saskatchewan can often have us looking to heat our homes in a hurry! Heating equipment is a key contributor to home fires and burn injuries over the winter months. Consider the following safety tips when warming up this winter:

* Do not leave space heaters running when you leave the room or go to sleep,
* Never use space heaters to dry combustible items,
* Do not use your oven to heat your home,
* Keep children and pets at least one metre away from fireplaces and space heaters,
* Do not store combustible materials within one metre of your furnace or other heating equipment,
* Keep all heat sources free from dust, lint, and chemical product,
* Place a screen in front of your wood-burning or gas fireplace, and
* Have a reputable and qualified company install and maintain all heating equipment; inspect gas or oil burning furnaces annually.

The Saskatoon Fire Department wants you to stay warm this winter, but we want you to stay safe, too! When looking around your home for potential fire hazards, be sure to check your heating equipment thoroughly while considering the above noted tips for heating safety.

In an emergency, seconds count; being cautious when it comes to heating can be the difference in preventing a tragedy in your home.

To finish off Fire Prevention Week, we’ll look at the leading cause of home fires: Cooking; tune in tomorrow to learn of how you can keep your dreams of becoming a professional chef from going up in smoke!

Always remember: Look. Listen. Learn. Be aware. Fire can happen anywhere.

In an emergency, call 911 immediately.",2018-10-11 19:23:53+00:00,2018,10,11,3,Thursday,41,19,fall,2014-2019_pre_pandemic_era,fire prevention week heating safety this fire prevention week the saskatoon fire department has been emphasizing three basic principles of fire safety and prevention look. listen. learn. be aware. fire can happen anywhere. we ve covered the importance of needing to listen for the sound of your smoke alarm and learn the details of your home escape plan today we will examine heating safety and why it s important to look around your home for potential fire hazards. winter in saskatchewan can often have us looking to heat our homes in a hurry! heating equipment is a key contributor to home fires and burn injuries over the winter months. consider the following safety tips when warming up this winter do not leave space heaters running when you leave the room or go to sleep never use space heaters to dry combustible items do not use your oven to heat your home keep children and pets at least one metre away from fireplaces and space heaters do not store combustible materials within one metre of your furnace or other heating equipment keep all heat sources free from dust lint and chemical product place a screen in front of your wood burning or gas fireplace and have a reputable and qualified company install and maintain all heating equipment inspect gas or oil burning furnaces annually. the saskatoon fire department wants you to stay warm this winter but we want you to stay safe too! when looking around your home for potential fire hazards be sure to check your heating equipment thoroughly while considering the above noted tips for heating safety. in an emergency seconds count being cautious when it comes to heating can be the difference in preventing a tragedy in your home. to finish off fire prevention week we ll look at the leading cause of home fires cooking tune in tomorrow to learn of how you can keep your dreams of becoming a professional chef from going up in smoke! always remember look. listen. learn. be aware. fire can happen anywhere. in an emergency call immediately.,2004,346,True,True,1,2,True,0.0,0.19999999999999996,False,False,False,False,True,False,mature_growth,2018_H2,2018_Q4,454a82adeaf213ba,-0.8529,0.086,0.809,0.105,negative
9nnn0b,Fire Prevention Week – Cooking Safety,"Fire Prevention Week is wrapping up, but that doesn’t mean that practicing fire safety and prevention has to! This week, we’ve focused on three basic principles: Look. Listen. Learn. Be aware. Fire can happen anywhere. Topics including smoke alarms, home escape plans, and heating safety have been linked to the importance of remembering to LOOK, LISTEN, and LEARN when considering fire safety and prevention.

Today, we’ll look at cooking safety to learn of how you can keep your dreams of becoming a professional chef from going up in smoke! Whether you’re cooking up a package of Kraft Dinner for yourself or a turkey feast for your friends and family, the Saskatoon Fire Department has the following tips for you:

* Fires start when your attention stops; always be alert and aware when cooking,
* Keep combustible materials a safe distance from all cooking appliances that are capable of producing heat,
* Never wear loose fitting clothing when cooking,
* Use a timer to remind you to monitor your cooking,
* Always remain in your home when you are cooking,
* Keep the handles of pots and pans turned inwards when cooking,
* Smother small fires in pots and pans by covering them with a lid and turning off the stove,
* Suffocate small oven fires by turning off the oven and keeping the door closed, and
* If you are unable to extinguish a fire on your own, leave your home immediately and call 911; stay outside while you wait for the Saskatoon Fire Department to arrive.

In an emergency, seconds count; cooking responsibly and knowing what to do if things turn sideways on you can be the difference in preventing a tragedy in your home.

Always remember: Look. Listen. Learn. Be aware. Fire can happen anywhere.",1539374966.0,2,0,None,0.6,/r/saskatoon/comments/9nnn0b/fire_prevention_week_cooking_safety/,https://www.reddit.com/r/saskatoon/comments/9nnn0b/fire_prevention_week_cooking_safety/,True,False,False,False,False,Saskatoon,"Fire Prevention Week – Cooking Safety Fire Prevention Week is wrapping up, but that doesn’t mean that practicing fire safety and prevention has to! This week, we’ve focused on three basic principles: Look. Listen. Learn. Be aware. Fire can happen anywhere. Topics including smoke alarms, home escape plans, and heating safety have been linked to the importance of remembering to LOOK, LISTEN, and LEARN when considering fire safety and prevention.

Today, we’ll look at cooking safety to learn of how you can keep your dreams of becoming a professional chef from going up in smoke! Whether you’re cooking up a package of Kraft Dinner for yourself or a turkey feast for your friends and family, the Saskatoon Fire Department has the following tips for you:

* Fires start when your attention stops; always be alert and aware when cooking,
* Keep combustible materials a safe distance from all cooking appliances that are capable of producing heat,
* Never wear loose fitting clothing when cooking,
* Use a timer to remind you to monitor your cooking,
* Always remain in your home when you are cooking,
* Keep the handles of pots and pans turned inwards when cooking,
* Smother small fires in pots and pans by covering them with a lid and turning off the stove,
* Suffocate small oven fires by turning off the oven and keeping the door closed, and
* If you are unable to extinguish a fire on your own, leave your home immediately and call 911; stay outside while you wait for the Saskatoon Fire Department to arrive.

In an emergency, seconds count; cooking responsibly and knowing what to do if things turn sideways on you can be the difference in preventing a tragedy in your home.

Always remember: Look. Listen. Learn. Be aware. Fire can happen anywhere.",2018-10-12 20:09:26+00:00,2018,10,12,4,Friday,41,20,fall,2014-2019_pre_pandemic_era,fire prevention week cooking safety fire prevention week is wrapping up but that doesn t mean that practicing fire safety and prevention has to! this week we ve focused on three basic principles look. listen. learn. be aware. fire can happen anywhere. topics including smoke alarms home escape plans and heating safety have been linked to the importance of remembering to look listen and learn when considering fire safety and prevention. today we ll look at cooking safety to learn of how you can keep your dreams of becoming a professional chef from going up in smoke! whether you re cooking up a package of kraft dinner for yourself or a turkey feast for your friends and family the saskatoon fire department has the following tips for you fires start when your attention stops always be alert and aware when cooking keep combustible materials a safe distance from all cooking appliances that are capable of producing heat never wear loose fitting clothing when cooking use a timer to remind you to monitor your cooking always remain in your home when you are cooking keep the handles of pots and pans turned inwards when cooking smother small fires in pots and pans by covering them with a lid and turning off the stove suffocate small oven fires by turning off the oven and keeping the door closed and if you are unable to extinguish a fire on your own leave your home immediately and call stay outside while you wait for the saskatoon fire department to arrive. in an emergency seconds count cooking responsibly and knowing what to do if things turn sideways on you can be the difference in preventing a tragedy in your home. always remember look. listen. learn. be aware. fire can happen anywhere.,1704,296,True,False,1,0,False,0.0,0.4,False,False,False,False,True,False,mature_growth,2018_H2,2018_Q4,454a82adeaf213ba,0.5963,0.129,0.744,0.127,positive
9p5yl4,Where can I obtain the exact swab kit that the SPS will be using to test for recent cannabis use?,"**EDIT: One machine is $5000 so I guess that's off my list**

I would like to test for myself, just what these swabs show.

There are so many variables in question.  Does the strain cause different results?  Method of ingestion?  How long before the swab shows all clear?  And, apparently these devices are prone to error dependent on the temperature, when we live in Saskatchewan?

If the police now have to perform road side swabs to test for marijuana use, I believe it to be fair, that the general populous should be made aware of how these kits work, and all the details.

if I were ever subject to question, at least I could be informed.

EDIT:  found it.  Field sobriety test, followed by the **Dräger DrugTest 5000** at the station.

https://www.cbc.ca/news/canada/saskatoon/saskatoon-drivers-sample-police-impaired-cannabis-1.4856625

Also Cannabis impairment: https://www.canada.ca/en/services/health/campaigns/cannabis/impairment.html

The DNA thing is seriously now pissing me off!  *ahem*  Back to topic.

Look at this shit!


**14.5% false positives**

**13.5% false negatives**

If you add that up, it provides you with a 28% chance, or, more than 1 in 4, of people being either wrongly accused, or wrongly let go.

CBC Youtube Link: https://www.youtube.com/watch?v=Yf05RWzpe7Q

Fucking hell.  The moment you are willing to allow punishment to 14.5% of innocent people on false positives, based on a machine with shit accuracy, I think YOU have become the criminal.

There was a paper written on this particular device posted in The Journal of Analytical Toxicology, ""Evaluation of Dräger DrugTest 5000 in a Naturalistic Setting""

https://academic.oup.com/jat/article-abstract/42/4/248/4835625?redirectedFrom=fulltext

Fuck this piece of shit.  If you know anything about physics, and measuring errors in your calculations, (sigma), then you too, know that this is messed up.

Like really bad.

EDIT:  I got my numbers wrong, but read the thread if you like math :)

This machine is not up to the challenge tho, AFAIK",1539836915.0,26,35,None,0.82,/r/saskatoon/comments/9p5yl4/where_can_i_obtain_the_exact_swab_kit_that_the/,https://www.reddit.com/r/saskatoon/comments/9p5yl4/where_can_i_obtain_the_exact_swab_kit_that_the/,True,False,False,False,False,Saskatoon,"Where can I obtain the exact swab kit that the SPS will be using to test for recent cannabis use? **EDIT: One machine is $5000 so I guess that's off my list**

I would like to test for myself, just what these swabs show.

There are so many variables in question.  Does the strain cause different results?  Method of ingestion?  How long before the swab shows all clear?  And, apparently these devices are prone to error dependent on the temperature, when we live in Saskatchewan?

If the police now have to perform road side swabs to test for marijuana use, I believe it to be fair, that the general populous should be made aware of how these kits work, and all the details.

if I were ever subject to question, at least I could be informed.

EDIT:  found it.  Field sobriety test, followed by the **Dräger DrugTest 5000** at the station.

https://www.cbc.ca/news/canada/saskatoon/saskatoon-drivers-sample-police-impaired-cannabis-1.4856625

Also Cannabis impairment: https://www.canada.ca/en/services/health/campaigns/cannabis/impairment.html

The DNA thing is seriously now pissing me off!  *ahem*  Back to topic.

Look at this shit!


**14.5% false positives**

**13.5% false negatives**

If you add that up, it provides you with a 28% chance, or, more than 1 in 4, of people being either wrongly accused, or wrongly let go.

CBC Youtube Link: https://www.youtube.com/watch?v=Yf05RWzpe7Q

Fucking hell.  The moment you are willing to allow punishment to 14.5% of innocent people on false positives, based on a machine with shit accuracy, I think YOU have become the criminal.

There was a paper written on this particular device posted in The Journal of Analytical Toxicology, ""Evaluation of Dräger DrugTest 5000 in a Naturalistic Setting""

https://academic.oup.com/jat/article-abstract/42/4/248/4835625?redirectedFrom=fulltext

Fuck this piece of shit.  If you know anything about physics, and measuring errors in your calculations, (sigma), then you too, know that this is messed up.

Like really bad.

EDIT:  I got my numbers wrong, but read the thread if you like math :)

This machine is not up to the challenge tho, AFAIK",2018-10-18 04:28:35+00:00,2018,10,18,3,Thursday,42,4,fall,2014-2019_pre_pandemic_era,where can i obtain the exact swab kit that the sps will be using to test for recent cannabis use? edit one machine is so i guess that s off my list i would like to test for myself just what these swabs show. there are so many variables in question. does the strain cause different results? method of ingestion? how long before the swab shows all clear? and apparently these devices are prone to error dependent on the temperature when we live in saskatchewan? if the police now have to perform road side swabs to test for marijuana use i believe it to be fair that the general populous should be made aware of how these kits work and all the details. if i were ever subject to question at least i could be informed. edit found it. field sobriety test followed by the dr ger drugtest at the station. also cannabis impairment the dna thing is seriously now pissing me off! ahem back to topic. look at this shit! . false positives . false negatives if you add that up it provides you with a chance or more than in of people being either wrongly accused or wrongly let go. cbc youtube link fucking hell. the moment you are willing to allow punishment to . of innocent people on false positives based on a machine with shit accuracy i think you have become the criminal. there was a paper written on this particular device posted in the journal of analytical toxicology evaluation of dr ger drugtest in a naturalistic setting fuck this piece of shit. if you know anything about physics and measuring errors in your calculations sigma then you too know that this is messed up. like really bad. edit i got my numbers wrong but read the thread if you like math this machine is not up to the challenge tho afaik,1702,316,True,True,2,2,True,1.2962962962962963,0.18000000000000005,False,False,False,False,True,False,mature_growth,2018_H2,2018_Q4,6f8bd18cd8097ccc,-0.9034,0.06,0.841,0.099,negative
9oerg9,U of S researchers partner with First Nations community to measure climate change,"University of Saskatchewan (U of S) researchers are working with the Okanese First Nation in southern Saskatchewan on a project to track and adapt to the effects of climate change on reserve lands.

Earlier this month, a climate monitoring station was installed on Okanese land: the first of four automated stations that will record and share data on the local temperature, rainfall, humidity, air pressure and wind. 

The stations are part of a project called Kikawinaw Askiy: Reconciling with Indigenous Sacred Ecology. Undertaken in partnership with the U of S, the initiative is supported by $125,000 in funding over three years from Crown-Indigenous Relations and Northern Affairs Canada (CIRNAC).

“When we were approached by Okanese to be a part of this project, we jumped at the chance,” said Bob Patrick, a faculty member in the geography and planning department of the College of Arts and Science. “Blending western and Indigenous land-based knowledge to address pressing issues like climate change and water protection is a win-win for everyone.”

The goal of the project is to help restore the local ecological balance as well as the community’s relationship with the land. That relationship has been damaged by residential schools and other government policies, said Okanese First Nation Chief Marie-Anne Daywalker-Pelletier.

Grass fires fueled by drought and threats to the community’s drinking water supply are among the concerns that motivated the project.

“Climate change threatens Kikawinaw Askiy (Mother Earth)—our lands, water, plants and, ultimately, our livelihood—all that gives us life. As First Nations, we have a duty to protect the land,” said Chief Daywalker-Pelletier.

Patrick and fellow Department of Geography and Planning faculty member Krys Chutko are co-leaders of the U of S side of the partnership. On Oct. 6, they delivered the climate stations to Okanese First Nation, where Chutko trained community members on how to install and maintain the stations.

Data from the stations will be used in two related projects funded by CIRNAC at the Okanese First Nation: a climate change adaptation plan and a drinking water protection plan.

During the coming weeks, Patrick will facilitate meetings at Okanese in which leaders, Elders and members of the community will identify risks posed by climate change and develop an action plan. The community’s drinking water system will also be assessed and a protection plan developed.

It is important that the planning process draws on both western scientific knowledge and Indigenous knowledge, said Patrick. “We’ll be listening to what the instruments are saying and what the Elders are saying, and seeing how one can corroborate the other.”

The youth of the Okanese First Nation will also participate in the projects by learning climate science and creating artwork and posters in school classrooms.

The Okanese First Nation is located in the Lower Qu'Appelle River Watershed, about 100 km northeast of Regina.

For more information, contact: Chris Putnam, Communications Officer, University of Saskatchewan",1539624389.0,3,15,None,0.59,/r/saskatoon/comments/9oerg9/u_of_s_researchers_partner_with_first_nations/,https://www.reddit.com/r/saskatoon/comments/9oerg9/u_of_s_researchers_partner_with_first_nations/,True,False,False,False,False,Saskatoon,"U of S researchers partner with First Nations community to measure climate change University of Saskatchewan (U of S) researchers are working with the Okanese First Nation in southern Saskatchewan on a project to track and adapt to the effects of climate change on reserve lands.

Earlier this month, a climate monitoring station was installed on Okanese land: the first of four automated stations that will record and share data on the local temperature, rainfall, humidity, air pressure and wind. 

The stations are part of a project called Kikawinaw Askiy: Reconciling with Indigenous Sacred Ecology. Undertaken in partnership with the U of S, the initiative is supported by $125,000 in funding over three years from Crown-Indigenous Relations and Northern Affairs Canada (CIRNAC).

“When we were approached by Okanese to be a part of this project, we jumped at the chance,” said Bob Patrick, a faculty member in the geography and planning department of the College of Arts and Science. “Blending western and Indigenous land-based knowledge to address pressing issues like climate change and water protection is a win-win for everyone.”

The goal of the project is to help restore the local ecological balance as well as the community’s relationship with the land. That relationship has been damaged by residential schools and other government policies, said Okanese First Nation Chief Marie-Anne Daywalker-Pelletier.

Grass fires fueled by drought and threats to the community’s drinking water supply are among the concerns that motivated the project.

“Climate change threatens Kikawinaw Askiy (Mother Earth)—our lands, water, plants and, ultimately, our livelihood—all that gives us life. As First Nations, we have a duty to protect the land,” said Chief Daywalker-Pelletier.

Patrick and fellow Department of Geography and Planning faculty member Krys Chutko are co-leaders of the U of S side of the partnership. On Oct. 6, they delivered the climate stations to Okanese First Nation, where Chutko trained community members on how to install and maintain the stations.

Data from the stations will be used in two related projects funded by CIRNAC at the Okanese First Nation: a climate change adaptation plan and a drinking water protection plan.

During the coming weeks, Patrick will facilitate meetings at Okanese in which leaders, Elders and members of the community will identify risks posed by climate change and develop an action plan. The community’s drinking water system will also be assessed and a protection plan developed.

It is important that the planning process draws on both western scientific knowledge and Indigenous knowledge, said Patrick. “We’ll be listening to what the instruments are saying and what the Elders are saying, and seeing how one can corroborate the other.”

The youth of the Okanese First Nation will also participate in the projects by learning climate science and creating artwork and posters in school classrooms.

The Okanese First Nation is located in the Lower Qu'Appelle River Watershed, about 100 km northeast of Regina.

For more information, contact: Chris Putnam, Communications Officer, University of Saskatchewan",2018-10-15 17:26:29+00:00,2018,10,15,0,Monday,42,17,fall,2014-2019_pre_pandemic_era,u of s researchers partner with first nations community to measure climate change university of saskatchewan u of s researchers are working with the okanese first nation in southern saskatchewan on a project to track and adapt to the effects of climate change on reserve lands. earlier this month a climate monitoring station was installed on okanese land the first of four automated stations that will record and share data on the local temperature rainfall humidity air pressure and wind. the stations are part of a project called kikawinaw askiy reconciling with indigenous sacred ecology. undertaken in partnership with the u of s the initiative is supported by in funding over three years from crown indigenous relations and northern affairs canada cirnac . when we were approached by okanese to be a part of this project we jumped at the chance said bob patrick a faculty member in the geography and planning department of the college of arts and science. blending western and indigenous land based knowledge to address pressing issues like climate change and water protection is a win win for everyone. the goal of the project is to help restore the local ecological balance as well as the community s relationship with the land. that relationship has been damaged by residential schools and other government policies said okanese first nation chief marie anne daywalker pelletier. grass fires fueled by drought and threats to the community s drinking water supply are among the concerns that motivated the project. climate change threatens kikawinaw askiy mother earth our lands water plants and ultimately our livelihood all that gives us life. as first nations we have a duty to protect the land said chief daywalker pelletier. patrick and fellow department of geography and planning faculty member krys chutko are co leaders of the u of s side of the partnership. on oct. they delivered the climate stations to okanese first nation where chutko trained community members on how to install and maintain the stations. data from the stations will be used in two related projects funded by cirnac at the okanese first nation a climate change adaptation plan and a drinking water protection plan. during the coming weeks patrick will facilitate meetings at okanese in which leaders elders and members of the community will identify risks posed by climate change and develop an action plan. the community s drinking water system will also be assessed and a protection plan developed. it is important that the planning process draws on both western scientific knowledge and indigenous knowledge said patrick. we ll be listening to what the instruments are saying and what the elders are saying and seeing how one can corroborate the other. the youth of the okanese first nation will also participate in the projects by learning climate science and creating artwork and posters in school classrooms. the okanese first nation is located in the lower qu appelle river watershed about km northeast of regina. for more information contact chris putnam communications officer university of saskatchewan,3100,504,False,True,0,6,False,3.75,0.41000000000000003,False,False,False,False,True,False,mature_growth,2018_H2,2018_Q4,454a82adeaf213ba,0.9531,0.066,0.907,0.028,positive
9m9u1h,SGI Advice,"Less than a month ago my 98 Honda civic was stolen from in front of my house. When it was stolen it had absolutely no coolant in the system as I was changing the thermostat the night before, trying to get the car winterized. It became dark and I didn't want to dump coolant everywhere so I decided to leave it until morning. I go outside in the morning and it's gone . I call the police and then SGI once they opened for the day. Make my reports etc.  
The police recovered my car the next day about 5 km away from my house. They do fingerprinting etc and my insurance adjuster asked if I wanted to be present for the walk-around when they assess the damages. I say I'd like to be there. Then they proceed to ignore my calls and emails for the next week. 
I didn't receive another email until a week had elapsed, at which point I get an email telling me they've already assessed the damage and it's less than my deductible so insurance isn't warranted at this time.. 
I'm not dumb so I ask for an itemized list of the damages they've found. $487 or something around there for a wheel alignment and de-odorization (incase the thieves smoked in the car). 
This list didn't say anything about the possible damage to the motor. I tell them it was driven without coolant and I'm told we don't check that do you want your car towed to your house, I just need to confirm your address.. which became a back and forth banter of her asking to confirm my address and me saying no you need to assess mechanical damages. She will not comply. 

When I went to look at my car and grab what was left in it, there appeared to be no physical damage aside from the small amount of coolant had been shot all over the engine bay and the tad cap was what they had used to keep my hood popped open at the compound. My subwoofers and amp were stolen and my 700 dollar Innova code scanner was too. I understand I'm not covered for these things. I told the security guard at SGI claims compound the whole rundown and he thinks they're trying to screw me over. I left my keys in the car and emailed my adjuster telling her I want them to start my car and assess mechanical damages, I know for a fact a car cannot be driven dry without damaging the water pump or the head gasket or the head itself. 
She told me I will need to get my car towed to a mechanic then give them permission to tear down my engine so they can assess damage and figure out when the damage was caused. If it was caused by the theft then I can open a claim but at this time there is no claim? If it's warranted the damage happened before the theft then I am responsible to pay the shop for the engine tear down. Which I don't have money for. 
I finally get a hold of my adjusters (adjuster 2) supervisor (adjuster 3) I tell her I want them to start the car etc. She tells me she will get back to me once they've started it. 
A few days go by and I receive an email stating the car starts, but they couldn't run it for long because it has no coolant in it. 
Now I'm fuming because they too started my car without coolant. 
Now they're again asking me where I want it to be towed. 
I know if I get it towed to my house, the second they drop it off they're not responsible. So what if I have it towed here and I discovered greater damage than what they reported. If I claim that they're just going to say I caused the damage after the fact. 
Can anyone give some sort of advice or insight into what you think I should be doing about this. I pay my insurance every month and I'm literally getting told that doesn't matter, I feel like whoever stole my car got to borrow it for a few days without permission or repercussions",1538955214.0,13,49,Question,0.84,/r/regina/comments/9m9u1h/sgi_advice/,https://www.reddit.com/r/regina/comments/9m9u1h/sgi_advice/,True,False,False,False,False,Regina,"SGI Advice Less than a month ago my 98 Honda civic was stolen from in front of my house. When it was stolen it had absolutely no coolant in the system as I was changing the thermostat the night before, trying to get the car winterized. It became dark and I didn't want to dump coolant everywhere so I decided to leave it until morning. I go outside in the morning and it's gone . I call the police and then SGI once they opened for the day. Make my reports etc.  
The police recovered my car the next day about 5 km away from my house. They do fingerprinting etc and my insurance adjuster asked if I wanted to be present for the walk-around when they assess the damages. I say I'd like to be there. Then they proceed to ignore my calls and emails for the next week. 
I didn't receive another email until a week had elapsed, at which point I get an email telling me they've already assessed the damage and it's less than my deductible so insurance isn't warranted at this time.. 
I'm not dumb so I ask for an itemized list of the damages they've found. $487 or something around there for a wheel alignment and de-odorization (incase the thieves smoked in the car). 
This list didn't say anything about the possible damage to the motor. I tell them it was driven without coolant and I'm told we don't check that do you want your car towed to your house, I just need to confirm your address.. which became a back and forth banter of her asking to confirm my address and me saying no you need to assess mechanical damages. She will not comply. 

When I went to look at my car and grab what was left in it, there appeared to be no physical damage aside from the small amount of coolant had been shot all over the engine bay and the tad cap was what they had used to keep my hood popped open at the compound. My subwoofers and amp were stolen and my 700 dollar Innova code scanner was too. I understand I'm not covered for these things. I told the security guard at SGI claims compound the whole rundown and he thinks they're trying to screw me over. I left my keys in the car and emailed my adjuster telling her I want them to start my car and assess mechanical damages, I know for a fact a car cannot be driven dry without damaging the water pump or the head gasket or the head itself. 
She told me I will need to get my car towed to a mechanic then give them permission to tear down my engine so they can assess damage and figure out when the damage was caused. If it was caused by the theft then I can open a claim but at this time there is no claim? If it's warranted the damage happened before the theft then I am responsible to pay the shop for the engine tear down. Which I don't have money for. 
I finally get a hold of my adjusters (adjuster 2) supervisor (adjuster 3) I tell her I want them to start the car etc. She tells me she will get back to me once they've started it. 
A few days go by and I receive an email stating the car starts, but they couldn't run it for long because it has no coolant in it. 
Now I'm fuming because they too started my car without coolant. 
Now they're again asking me where I want it to be towed. 
I know if I get it towed to my house, the second they drop it off they're not responsible. So what if I have it towed here and I discovered greater damage than what they reported. If I claim that they're just going to say I caused the damage after the fact. 
Can anyone give some sort of advice or insight into what you think I should be doing about this. I pay my insurance every month and I'm literally getting told that doesn't matter, I feel like whoever stole my car got to borrow it for a few days without permission or repercussions",2018-10-07 23:33:34+00:00,2018,10,7,6,Sunday,40,23,fall,2014-2019_pre_pandemic_era,sgi advice less than a month ago my ADDRESS olen from in front of my house. when it was stolen it had absolutely no coolant in the system as i was changing the thermostat the night before trying to get the car winterized. it became dark and i didn t want to dump coolant everywhere so i decided to leave it until morning. i go outside in the morning and it s gone . i call the police and then sgi once they opened for the day. make my reports etc. the police recovered my car the next day about km away from my house. they do fingerprinting etc and my insurance adjuster asked if i wanted to be present for the walk around when they assess the damages. i say i d like to be there. then they proceed to ignore my calls and emails for the next week. i didn t receive another email until a week had elapsed at which point i get an email telling me they ve already assessed the damage and it s less than my deductible so insurance isn t warranted at this time.. i m not dumb so i ask for an itemized list of the damages they ve found. or something around there for a wheel alignment and de odorization incase the thieves smoked in the car . this list didn t say anything about the possible damage to the motor. i tell them it was driven without coolant and i m told we don t check that do you want your car towed to your house i just need to confirm your address.. which became a back and forth banter of her asking to confirm my address and me saying no you need to assess mechanical damages. she will not comply. when i went to look at my car and grab what was left in it there appeared to be no physical damage aside from the small amount of coolant had been shot all over the engine bay and the tad cap was what they had used to keep my hood popped open at the compound. my subwoofers and amp were stolen and my dollar innova code scanner was too. i understand i m not covered for these things. i told the security guard at sgi claims compound the whole rundown and he thinks they re trying to screw me over. i left my keys in the car and emailed my adjuster telling her i want them to start my car and assess mechanical damages i know for a fact a car cannot be driven dry without damaging the water pump or the head gasket or the head itself. she told me i will need to get my car towed to a mechanic then give them permission to tear down my engine so they can assess damage and figure out when the damage was caused. if it was caused by the theft then i can open a claim but at this time there is no claim? if it s warranted the damage happened before the theft then i am responsible to pay the shop for the engine tear down. which i don t have money for. i finally get a hold of my adjusters adjuster supervisor adjuster i tell her i want them to start the car etc. she tells me she will get back to me once they ve started it. a few days go by and i receive an email stating the car starts but they couldn t run it for long because it has no coolant in it. now i m fuming because they too started my car without coolant. now they re again asking me where i want it to be towed. i know if i get it towed to my house the second they drop it off they re not responsible. so what if i have it towed here and i discovered greater damage than what they reported. if i claim that they re just going to say i caused the damage after the fact. can anyone give some sort of advice or insight into what you think i should be doing about this. i pay my insurance every month and i m literally getting told that doesn t matter i feel like whoever stole my car got to borrow it for a few days without permission or repercussions,3620,734,True,True,5,2,True,3.5,0.16000000000000003,False,False,False,False,True,False,mature_growth,2018_H2,2018_Q4,c9e76d70b11cd5c7,-0.9874,0.033,0.885,0.082,negative
9n4gse,Where to do hunter safety in Regina??,"Hey so I have my pal licence and a rifle, now looking to get my hunter safety. ",1539212441.0,6,5,None,0.99,/r/regina/comments/9n4gse/where_to_do_hunter_safety_in_regina/,https://www.reddit.com/r/regina/comments/9n4gse/where_to_do_hunter_safety_in_regina/,True,False,False,False,False,Regina,"Where to do hunter safety in Regina?? Hey so I have my pal licence and a rifle, now looking to get my hunter safety. ",2018-10-10 23:00:41+00:00,2018,10,10,2,Wednesday,41,23,fall,2014-2019_pre_pandemic_era,where to do hunter safety in regina?? hey so i have my pal licence and a rifle now looking to get my hunter safety.,115,24,True,False,1,0,False,0.7142857142857143,0.010000000000000009,False,False,False,False,True,False,mature_growth,2018_H2,2018_Q4,5ca6ea918b80cb8e,0.7149,0.213,0.787,0.0,positive
9krymy,Weather update please,I'm in Ontario and I hear theres snow in Regina?  Can anyone confirm?  Pics are appreciated lol,1538496576.0,10,15,None,0.92,/r/regina/comments/9krymy/weather_update_please/,https://www.reddit.com/r/regina/comments/9krymy/weather_update_please/,True,False,False,False,False,Regina,Weather update please I'm in Ontario and I hear theres snow in Regina?  Can anyone confirm?  Pics are appreciated lol,2018-10-02 16:09:36+00:00,2018,10,2,1,Tuesday,40,16,fall,2014-2019_pre_pandemic_era,weather update please i m in ontario and i hear theres snow in regina? can anyone confirm? pics are appreciated lol,115,21,False,True,0,2,False,1.3636363636363635,0.07999999999999996,False,False,False,False,True,False,mature_growth,2018_H2,2018_Q4,38ce4ada389b85c7,0.8299,0.327,0.673,0.0,positive
9pirdd,Attack in Exchange District sparks safety concerns,,1539946889.0,84,55,News,0.91,/r/Winnipeg/comments/9pirdd/attack_in_exchange_district_sparks_safety_concerns/,https://winnipeg.ctvnews.ca/attack-in-exchange-district-sparks-safety-concerns-1.4140643,False,False,False,False,False,Winnipeg,Attack in Exchange District sparks safety concerns ,2018-10-19 11:01:29+00:00,2018,10,19,4,Friday,42,11,fall,2014-2019_pre_pandemic_era,attack in exchange district sparks safety concerns,50,7,True,False,1,0,False,0.6470588235294118,0.08999999999999997,False,False,False,False,True,False,mature_growth,2018_H2,2018_Q4,2d2d2c982e604272,-0.0772,0.257,0.459,0.284,negative
9ksb4d,PSA: Portage Place parkade currently flooding,"Hearing discussions with some coworkers, the construction beside the mall may have hit a main, some parts of the parkade are already sitting in 1-2 feet of water ",1538498910.0,57,32,Alerts,0.93,/r/Winnipeg/comments/9ksb4d/psa_portage_place_parkade_currently_flooding/,https://www.reddit.com/r/Winnipeg/comments/9ksb4d/psa_portage_place_parkade_currently_flooding/,True,False,False,False,False,Winnipeg,"PSA: Portage Place parkade currently flooding Hearing discussions with some coworkers, the construction beside the mall may have hit a main, some parts of the parkade are already sitting in 1-2 feet of water ",2018-10-02 16:48:30+00:00,2018,10,2,1,Tuesday,40,16,fall,2014-2019_pre_pandemic_era,psa portage place parkade currently flooding hearing discussions with some coworkers the construction beside the mall may have hit a main some parts of the parkade are already sitting in feet of water,200,33,False,True,0,1,False,0.5517241379310345,0.06999999999999995,False,False,False,False,True,False,mature_growth,2018_H2,2018_Q4,69fabb5c1434dd86,0.0,0.0,1.0,0.0,neutral
9mk828,PSA - Winter Driving in Edmonton,"We all know this isn't the major snowfall - but it IS coming. 

Just some advice, tips, and suggestions for those who aren't experienced or even for those who are who might not be aware of certain things.",1539043163.0,81,198,None,0.81,/r/Edmonton/comments/9mk828/psa_winter_driving_in_edmonton/,https://www.reddit.com/r/Edmonton/comments/9mk828/psa_winter_driving_in_edmonton/,True,False,False,False,False,Edmonton,"PSA - Winter Driving in Edmonton We all know this isn't the major snowfall - but it IS coming. 

Just some advice, tips, and suggestions for those who aren't experienced or even for those who are who might not be aware of certain things.",2018-10-08 23:59:23+00:00,2018,10,8,0,Monday,41,23,fall,2014-2019_pre_pandemic_era,psa winter driving in edmonton we all know this isn t the major snowfall but it is coming. just some advice tips and suggestions for those who aren t experienced or even for those who are who might not be aware of certain things.,229,44,False,True,0,3,False,2.4146341463414633,0.18999999999999995,False,False,False,False,True,False,mature_growth,2018_H2,2018_Q4,8726bb48e8b76c82,0.3919,0.058,0.942,0.0,positive
9rg2kq,Where are the oil patches in Saskatchewan? Experienced frac hands needed in USA for cold weather. Mericans can’t hang.,,1540515004.0,1,7,None,0.53,/r/saskatchewan/comments/9rg2kq/where_are_the_oil_patches_in_saskatchewan/,https://www.reddit.com/r/saskatchewan/comments/9rg2kq/where_are_the_oil_patches_in_saskatchewan/,True,False,False,False,False,saskatchewan,Where are the oil patches in Saskatchewan? Experienced frac hands needed in USA for cold weather. Mericans can’t hang. ,2018-10-26 00:50:04+00:00,2018,10,26,4,Friday,43,0,fall,2014-2019_pre_pandemic_era,where are the oil patches in saskatchewan? experienced frac hands needed in usa for cold weather. mericans can t hang.,118,20,False,True,0,2,False,3.5,0.47,False,False,False,False,True,False,mature_growth,2018_H2,2018_Q4,0574df46493030e1,0.0,0.0,1.0,0.0,neutral
9l25zy,Fuck off snow!,,1538580427.0,3,13,None,0.53,/r/saskatchewan/comments/9l25zy/fuck_off_snow/,https://www.reddit.com/r/saskatchewan/comments/9l25zy/fuck_off_snow/,True,False,False,False,False,saskatchewan,Fuck off snow! ,2018-10-03 15:27:07+00:00,2018,10,3,2,Wednesday,40,15,fall,2014-2019_pre_pandemic_era,fuck off snow!,14,3,False,True,0,1,False,3.25,0.47,False,False,False,False,True,False,mature_growth,2018_H2,2018_Q4,b181edb25abd95a0,-0.5848,0.0,0.345,0.655,negative
9ojig9,Solar Panels - worth it?,"Has anyone had solar panels installed yet? Seems like a no brainer with the grants the government is willing to provide. Basically, the way it was explained to me is that your regular power bill is basically replaced by a line of credit bill, which takes about 8 years to pay off... Is this too good to be true? I feel like there is a catch, but I can’t find it.",1539657351.0,15,44,None,0.88,/r/saskatchewan/comments/9ojig9/solar_panels_worth_it/,https://www.reddit.com/r/saskatchewan/comments/9ojig9/solar_panels_worth_it/,True,False,False,False,False,saskatchewan,"Solar Panels - worth it? Has anyone had solar panels installed yet? Seems like a no brainer with the grants the government is willing to provide. Basically, the way it was explained to me is that your regular power bill is basically replaced by a line of credit bill, which takes about 8 years to pay off... Is this too good to be true? I feel like there is a catch, but I can’t find it.",2018-10-16 02:35:51+00:00,2018,10,16,1,Tuesday,42,2,fall,2014-2019_pre_pandemic_era,solar panels worth it? has anyone had solar panels installed yet? seems like a no brainer with the grants the government is willing to provide. basically the way it was explained to me is that your regular power bill is basically replaced by a line of credit bill which takes about years to pay off... is this too good to be true? i feel like there is a catch but i can t find it.,380,75,False,True,0,1,False,2.75,0.12,False,False,False,False,True,False,mature_growth,2018_H2,2018_Q4,2f303cebc2808725,0.7776,0.155,0.811,0.034,positive
9kmol3,I got in a single car accident last winter. Should I submit a claim to SGI?,"Hey there, 

&#x200B;

Last winter I crashed into a snowbank and damaged my car's bumper as well as the side molding. The road curved but I lost traction and just kept going straight into the snowbank. There were no other cars around at all, no witnesses or pictures taken either.

I've never submitted a claim to sgi so I have no idea how anything works. Should I make a claim for this accident? The damage is around $3000 and my deductible is $700, so it seems like I should. 

&#x200B;

They won't try to charge me for dangerous driving or anything will they? What other negatives could come from making a claim on this?",1538445797.0,3,10,None,0.72,/r/saskatchewan/comments/9kmol3/i_got_in_a_single_car_accident_last_winter_should/,https://www.reddit.com/r/saskatchewan/comments/9kmol3/i_got_in_a_single_car_accident_last_winter_should/,True,False,False,False,False,saskatchewan,"I got in a single car accident last winter. Should I submit a claim to SGI? Hey there, 

&#x200B;

Last winter I crashed into a snowbank and damaged my car's bumper as well as the side molding. The road curved but I lost traction and just kept going straight into the snowbank. There were no other cars around at all, no witnesses or pictures taken either.

I've never submitted a claim to sgi so I have no idea how anything works. Should I make a claim for this accident? The damage is around $3000 and my deductible is $700, so it seems like I should. 

&#x200B;

They won't try to charge me for dangerous driving or anything will they? What other negatives could come from making a claim on this?",2018-10-02 02:03:17+00:00,2018,10,2,1,Tuesday,40,2,fall,2014-2019_pre_pandemic_era,i got in a single car accident last winter. should i submit a claim to sgi? hey there x b last winter i crashed into a snowbank and damaged my car s bumper as well as the side molding. the road curved but i lost traction and just kept going straight into the snowbank. there were no other cars around at all no witnesses or pictures taken either. i ve never submitted a claim to sgi so i have no idea how anything works. should i make a claim for this accident? the damage is around and my deductible is so it seems like i should. x b they won t try to charge me for dangerous driving or anything will they? what other negatives could come from making a claim on this?,668,133,True,True,1,2,True,2.5,0.28,False,False,False,False,True,False,mature_growth,2018_H2,2018_Q4,4fa67b5337c2c316,-0.9552,0.077,0.738,0.185,negative
9oriey,Best Winter Hiking spots in Saskatchewan?,"Does anyone know of any medium - long length winter hiking spots? I've been doing Spruce River Highlands in PA park for a few years in winter and summer, which is about 4 hours, and am looking for something new for this winter.

&#x200B;

Something in the PA Park area would be nice, but I'm open to anywhere in Sask",1539722022.0,3,7,Question/Discussion,0.72,/r/saskatchewan/comments/9oriey/best_winter_hiking_spots_in_saskatchewan/,https://www.reddit.com/r/saskatchewan/comments/9oriey/best_winter_hiking_spots_in_saskatchewan/,True,False,False,False,False,saskatchewan,"Best Winter Hiking spots in Saskatchewan? Does anyone know of any medium - long length winter hiking spots? I've been doing Spruce River Highlands in PA park for a few years in winter and summer, which is about 4 hours, and am looking for something new for this winter.

&#x200B;

Something in the PA Park area would be nice, but I'm open to anywhere in Sask",2018-10-16 20:33:42+00:00,2018,10,16,1,Tuesday,42,20,fall,2014-2019_pre_pandemic_era,best winter hiking spots in saskatchewan? does anyone know of any medium long length winter hiking spots? i ve been doing spruce river highlands in pa park for a few years in winter and summer which is about hours and am looking for something new for this winter. x b something in the pa park area would be nice but i m open to anywhere in sask,344,67,False,True,0,2,False,1.75,0.28,False,False,False,False,True,False,mature_growth,2018_H2,2018_Q4,928b7253590e98b0,0.594,0.07,0.93,0.0,positive
9ok7pc,Man accused of shooting at three different people in rural crime spree by Spirit River.,,1539663317.0,3,3,None,0.67,/r/alberta/comments/9ok7pc/man_accused_of_shooting_at_three_different_people/,https://edmontonjournal.com/news/crime/man-accused-of-shooting-at-three-different-people-in-rural-crime-spree,False,False,False,False,False,alberta,Man accused of shooting at three different people in rural crime spree by Spirit River. ,2018-10-16 04:15:17+00:00,2018,10,16,1,Tuesday,42,4,fall,2014-2019_pre_pandemic_era,man accused of shooting at three different people in rural crime spree by spirit river.,87,15,True,False,2,0,False,0.75,0.32999999999999996,False,False,False,False,True,False,mature_growth,2018_H2,2018_Q4,20a263fa055d0842,-0.6124,0.088,0.619,0.294,negative
9qsdao,Where should I get oil and gas safety training?,"I graduated from SAIT in April with a diploma in Power Engineering Technology, and I’m looking for a plant/field operator job in the oil field. It’s been difficult to even get an interview anywhere, and I’m looking into completing some safety training to set myself apart. I’m wondering, is there a training company that is most recognized by oil and gas companies? Enform was recommended to me, but they were only offering H2S alive. I’m looking to complete my 

H2S
CPR/First Aid
Fire Extinguisher Training
WHMIS/MSDS
Fall Arrest

Are there any other courses you would recommend?",1540323710.0,1,11,None,0.57,/r/alberta/comments/9qsdao/where_should_i_get_oil_and_gas_safety_training/,https://www.reddit.com/r/alberta/comments/9qsdao/where_should_i_get_oil_and_gas_safety_training/,True,False,False,False,False,alberta,"Where should I get oil and gas safety training? I graduated from SAIT in April with a diploma in Power Engineering Technology, and I’m looking for a plant/field operator job in the oil field. It’s been difficult to even get an interview anywhere, and I’m looking into completing some safety training to set myself apart. I’m wondering, is there a training company that is most recognized by oil and gas companies? Enform was recommended to me, but they were only offering H2S alive. I’m looking to complete my 

H2S
CPR/First Aid
Fire Extinguisher Training
WHMIS/MSDS
Fall Arrest

Are there any other courses you would recommend?",2018-10-23 19:41:50+00:00,2018,10,23,1,Tuesday,43,19,fall,2014-2019_pre_pandemic_era,where should i get oil and gas safety training? i graduated from sait in april with a diploma in power engineering technology and i m looking for a plant field operator job in the oil field. it s been difficult to even get an interview anywhere and i m looking into completing some safety training to set myself apart. i m wondering is there a training company that is most recognized by oil and gas companies? enform was recommended to me but they were only offering h s alive. i m looking to complete my h s cpr first aid fire extinguisher training whmis msds fall arrest are there any other courses you would recommend?,622,115,True,True,2,2,True,5.5,0.43000000000000005,False,False,False,False,True,False,mature_growth,2018_H2,2018_Q4,42d66bc44eea1f2e,0.533,0.097,0.84,0.062,positive
9ng410,Calgary Weather,,1539308722.0,171,10,None,0.92,/r/alberta/comments/9ng410/calgary_weather/,https://v.redd.it/cvuiqbvfnlr11,False,False,False,False,False,alberta,Calgary Weather ,2018-10-12 01:45:22+00:00,2018,10,12,4,Friday,41,1,fall,2014-2019_pre_pandemic_era,calgary weather,15,2,False,True,0,1,False,0.05813953488372093,0.07999999999999996,False,False,False,False,True,False,mature_growth,2018_H2,2018_Q4,534bf2f38df2bb1e,0.0,0.0,1.0,0.0,neutral
9t2nwg,"Canada Winter Forecast Calls For Lots Of Snow In The East, But Not So Much In The West: Accuweather",,1541018281.0,55,30,None,0.9,/r/alberta/comments/9t2nwg/canada_winter_forecast_calls_for_lots_of_snow_in/,https://www.huffingtonpost.ca/2018/10/31/canada-winter-forecast-2018-accuweather_a_23576989/,False,False,False,False,False,alberta,"Canada Winter Forecast Calls For Lots Of Snow In The East, But Not So Much In The West: Accuweather ",2018-10-31 20:38:01+00:00,2018,10,31,2,Wednesday,44,20,fall,2014-2019_pre_pandemic_era,canada winter forecast calls for lots of snow in the east but not so much in the west accuweather,97,19,False,True,0,3,False,0.5357142857142857,0.09999999999999998,False,False,False,False,True,False,mature_growth,2018_H2,2018_Q4,c781cce746ee4b84,0.0,0.0,1.0,0.0,neutral
9sjkxe,Our view towards Hi Ling peak this Halloween weekend before the snow started.,,1540864145.0,4,1,Pics,0.62,/r/alberta/comments/9sjkxe/our_view_towards_hi_ling_peak_this_halloween/,https://i.redd.it/tvkruby4a8v11.jpg,False,False,False,False,False,alberta,Our view towards Hi Ling peak this Halloween weekend before the snow started. ,2018-10-30 01:49:05+00:00,2018,10,30,1,Tuesday,44,1,fall,2014-2019_pre_pandemic_era,our view towards hi ling peak this halloween weekend before the snow started.,77,13,False,True,0,1,False,0.2,0.38,False,False,False,False,True,False,mature_growth,2018_H2,2018_Q4,0d2033169463b091,0.0,0.0,1.0,0.0,neutral
